dimension,value,sample_size,mql,closed_deals,observed_conversion,conversion_ci_low,conversion_ci_high,time_to_close_n,time_to_close_mean_days,time_to_close_median_days,low_sample,conversion_identifiable,mature_30d_n,closed_30d,observed_30d_conversion,mature_60d_n,closed_60d,observed_60d_conversion,mature_90d_n,closed_90d,observed_90d_conversion,analysis_window,cohort_definition,denominator
origin,direct_traffic,499,499.0,56,0.11222444889779559,0.08743978043099307,0.14293394231727677,56,31.76771639384921,10.576163194444444,False,True,499.0,41.0,0.08216432865731463,499.0,48.0,0.09619238476953908,426.0,44.0,0.10328638497652583,contact cohorts 2017-06..2018-05; calendar maturity reference 2018-08-01; snapshot observed close separately,all 8000 MQL; type/segment rows are closed-only,mql for origin/contact month; closed sellers for type/segment
origin,display,118,118.0,6,0.05084745762711865,0.023509631366969028,0.10650735114476316,6,10.921913580246914,9.169010416666667,False,True,118.0,6.0,0.05084745762711865,118.0,6.0,0.05084745762711865,108.0,5.0,0.046296296296296294,contact cohorts 2017-06..2018-05; calendar maturity reference 2018-08-01; snapshot observed close separately,all 8000 MQL; type/segment rows are closed-only,mql for origin/contact month; closed sellers for type/segment
origin,email,493,493.0,15,0.030425963488843813,0.018523723985031416,0.04958947031445481,15,52.77320370370371,21.125,False,True,493.0,9.0,0.018255578093306288,493.0,11.0,0.02231237322515213,417.0,11.0,0.026378896882494004,contact cohorts 2017-06..2018-05; calendar maturity reference 2018-08-01; snapshot observed close separately,all 8000 MQL; type/segment rows are closed-only,mql for origin/contact month; closed sellers for type/segment
origin,organic_search,2296,2296.0,271,0.11803135888501742,0.10546759655315235,0.13187113683092583,270,50.853066486625515,15.24703125,False,True,2295.0,174.0,0.07581699346405228,2295.0,204.0,0.08888888888888889,1985.0,184.0,0.09269521410579346,contact cohorts 2017-06..2018-05; calendar maturity reference 2018-08-01; snapshot observed close separately,all 8000 MQL; type/segment rows are closed-only,mql for origin/contact month; closed sellers for type/segment
origin,other,150,150.0,4,0.02666666666666667,0.010417940822967993,0.06655389051214453,4,15.766712962962963,9.557355324074074,False,True,150.0,3.0,0.02,150.0,4.0,0.02666666666666667,139.0,4.0,0.02877697841726619,contact cohorts 2017-06..2018-05; calendar maturity reference 2018-08-01; snapshot observed close separately,all 8000 MQL; type/segment rows are closed-only,mql for origin/contact month; closed sellers for type/segment
origin,other_publicities,65,65.0,3,0.046153846153846156,0.015819840413512566,0.12713847263338832,3,40.07546682098765,35.79170138888889,True,True,65.0,0.0,0.0,65.0,3.0,0.046153846153846156,56.0,3.0,0.05357142857142857,contact cohorts 2017-06..2018-05; calendar maturity reference 2018-08-01; snapshot observed close separately,all 8000 MQL; type/segment rows are closed-only,mql for origin/contact month; closed sellers for type/segment
origin,paid_search,1586,1586.0,195,0.12295081967213115,0.10769449118606486,0.14002924040716971,195,57.2743474002849,15.674594907407407,False,True,1586.0,125.0,0.07881462799495587,1586.0,140.0,0.08827238335435057,1357.0,127.0,0.09358879882092852,contact cohorts 2017-06..2018-05; calendar maturity reference 2018-08-01; snapshot observed close separately,all 8000 MQL; type/segment rows are closed-only,mql for origin/contact month; closed sellers for type/segment
origin,referral,284,284.0,24,0.08450704225352113,0.05744460092887881,0.12265961002492914,24,33.24298755787037,19.370769675925928,False,True,284.0,13.0,0.045774647887323945,284.0,20.0,0.07042253521126761,236.0,15.0,0.0635593220338983,contact cohorts 2017-06..2018-05; calendar maturity reference 2018-08-01; snapshot observed close separately,all 8000 MQL; type/segment rows are closed-only,mql for origin/contact month; closed sellers for type/segment
origin,social,1350,1350.0,75,0.05555555555555555,0.04455006636127891,0.0690832234293163,75,61.619110185185185,30.556377314814814,False,True,1350.0,36.0,0.02666666666666667,1350.0,48.0,0.035555555555555556,1126.0,52.0,0.046181172291296625,contact cohorts 2017-06..2018-05; calendar maturity reference 2018-08-01; snapshot observed close separately,all 8000 MQL; type/segment rows are closed-only,mql for origin/contact month; closed sellers for type/segment
origin,unknown,1099,1099.0,179,0.16287534121929026,0.14222514902367195,0.18587410398013104,179,41.942942724498245,11.827326388888888,False,True,1099.0,128.0,0.1164695177434031,1099.0,147.0,0.1337579617834395,967.0,135.0,0.13960703205791106,contact cohorts 2017-06..2018-05; calendar maturity reference 2018-08-01; snapshot observed close separately,all 8000 MQL; type/segment rows are closed-only,mql for origin/contact month; closed sellers for type/segment
origin,Missing,60,60.0,14,0.23333333333333334,0.1443956173664283,0.35436270377601964,14,49.9097552910053,8.083952546296295,True,True,60.0,11.0,0.18333333333333332,60.0,12.0,0.2,48.0,9.0,0.1875,contact cohorts 2017-06..2018-05; calendar maturity reference 2018-08-01; snapshot observed close separately,all 8000 MQL; type/segment rows are closed-only,mql for origin/contact month; closed sellers for type/segment
contact_month,2017-06,4,4.0,0,0.0,0.0,0.4898908364545973,0,,,True,True,4.0,0.0,0.0,4.0,0.0,0.0,4.0,0.0,0.0,contact cohorts 2017-06..2018-05; calendar maturity reference 2018-08-01; snapshot observed close separately,all 8000 MQL; type/segment rows are closed-only,mql for origin/contact month; closed sellers for type/segment
contact_month,2017-07,239,239.0,2,0.008368200836820083,0.002297870260448632,0.029992574949255,2,398.7010706018518,398.7010706018518,False,True,239.0,0.0,0.0,239.0,0.0,0.0,239.0,0.0,0.0,contact cohorts 2017-06..2018-05; calendar maturity reference 2018-08-01; snapshot observed close separately,all 8000 MQL; type/segment rows are closed-only,mql for origin/contact month; closed sellers for type/segment
contact_month,2017-08,386,386.0,9,0.023316062176165803,0.012314186904456001,0.04371232932797994,9,296.6509117798354,317.76974537037034,False,True,386.0,0.0,0.0,386.0,0.0,0.0,386.0,0.0,0.0,contact cohorts 2017-06..2018-05; calendar maturity reference 2018-08-01; snapshot observed close separately,all 8000 MQL; type/segment rows are closed-only,mql for origin/contact month; closed sellers for type/segment
contact_month,2017-09,312,312.0,7,0.022435897435897436,0.01090954109918416,0.04557911269348615,7,284.3986441798942,336.7437037037037,False,True,312.0,0.0,0.0,312.0,0.0,0.0,312.0,0.0,0.0,contact cohorts 2017-06..2018-05; calendar maturity reference 2018-08-01; snapshot observed close separately,all 8000 MQL; type/segment rows are closed-only,mql for origin/contact month; closed sellers for type/segment
contact_month,2017-10,416,416.0,14,0.03365384615384615,0.02015090672254725,0.05569071909052656,14,240.81928819444443,247.24164351851852,False,True,416.0,0.0,0.0,416.0,0.0,0.0,416.0,0.0,0.0,contact cohorts 2017-06..2018-05; calendar maturity reference 2018-08-01; snapshot observed close separately,all 8000 MQL; type/segment rows are closed-only,mql for origin/contact month; closed sellers for type/segment
contact_month,2017-11,445,445.0,18,0.04044943820224719,0.02573698675208575,0.06302811735700287,18,155.7778594393004,163.7560648148148,False,True,445.0,2.0,0.0044943820224719105,445.0,4.0,0.008988764044943821,445.0,7.0,0.015730337078651686,contact cohorts 2017-06..2018-05; calendar maturity reference 2018-08-01; snapshot observed close separately,all 8000 MQL; type/segment rows are closed-only,mql for origin/contact month; closed sellers for type/segment
contact_month,2017-12,200,200.0,11,0.055,0.03098534170345884,0.0957869987723084,11,122.93927083333332,54.58127314814815,False,True,200.0,1.0,0.005,200.0,6.0,0.03,200.0,6.0,0.03,contact cohorts 2017-06..2018-05; calendar maturity reference 2018-08-01; snapshot observed close separately,all 8000 MQL; type/segment rows are closed-only,mql for origin/contact month; closed sellers for type/segment
contact_month,2018-01,1141,1141.0,152,0.13321647677475898,0.11472492815899725,0.1541694732874727,152,44.29507614522417,18.107829861111114,False,True,1141.0,95.0,0.08326029798422437,1141.0,117.0,0.10254163014899212,1141.0,129.0,0.11305872042068361,contact cohorts 2017-06..2018-05; calendar maturity reference 2018-08-01; snapshot observed close separately,all 8000 MQL; type/segment rows are closed-only,mql for origin/contact month; closed sellers for type/segment
contact_month,2018-02,1028,1028.0,149,0.14494163424124515,0.12474276440256025,0.16778420884551304,149,42.959278057419844,16.71763888888889,False,True,1028.0,99.0,0.0963035019455253,1028.0,119.0,0.11575875486381323,1028.0,128.0,0.1245136186770428,contact cohorts 2017-06..2018-05; calendar maturity reference 2018-08-01; snapshot observed close separately,all 8000 MQL; type/segment rows are closed-only,mql for origin/contact month; closed sellers for type/segment
contact_month,2018-03,1174,1174.0,167,0.14224872231686542,0.12343294518304232,0.1633980678456174,166,38.52093241019634,12.85552662037037,False,True,1173.0,111.0,0.09462915601023018,1173.0,134.0,0.11423699914748509,1173.0,140.0,0.11935208866155157,contact cohorts 2017-06..2018-05; calendar maturity reference 2018-08-01; snapshot observed close separately,all 8000 MQL; type/segment rows are closed-only,mql for origin/contact month; closed sellers for type/segment
contact_month,2018-04,1352,1352.0,183,0.13535502958579881,0.11814930892030316,0.15462702227580943,183,24.461454601801254,9.61923611111111,False,True,1352.0,147.0,0.10872781065088757,1352.0,162.0,0.11982248520710059,1352.0,171.0,0.1264792899408284,contact cohorts 2017-06..2018-05; calendar maturity reference 2018-08-01; snapshot observed close separately,all 8000 MQL; type/segment rows are closed-only,mql for origin/contact month; closed sellers for type/segment
contact_month,2018-05,1303,1303.0,130,0.0997697620874904,0.08465521630260506,0.1172372604319386,130,33.48822747507122,10.692899305555555,False,True,1303.0,91.0,0.06983883346124328,1303.0,101.0,0.07751343054489639,169.0,8.0,0.047337278106508875,contact cohorts 2017-06..2018-05; calendar maturity reference 2018-08-01; snapshot observed close separately,all 8000 MQL; type/segment rows are closed-only,mql for origin/contact month; closed sellers for type/segment
lead_type,industry,123,,123,,,,123,47.15084857723578,15.877222222222223,False,False,,,,,,,,,,contact cohorts 2017-06..2018-05; calendar maturity reference 2018-08-01; snapshot observed close separately,all 8000 MQL; type/segment rows are closed-only,mql for origin/contact month; closed sellers for type/segment
lead_type,offline,104,,104,,,,104,47.587942485754986,16.814658564814813,False,False,,,,,,,,,,contact cohorts 2017-06..2018-05; calendar maturity reference 2018-08-01; snapshot observed close separately,all 8000 MQL; type/segment rows are closed-only,mql for origin/contact month; closed sellers for type/segment
lead_type,online_beginner,57,,57,,,,57,51.865595151072114,13.58605324074074,False,False,,,,,,,,,,contact cohorts 2017-06..2018-05; calendar maturity reference 2018-08-01; snapshot observed close separately,all 8000 MQL; type/segment rows are closed-only,mql for origin/contact month; closed sellers for type/segment
lead_type,online_big,126,,126,,,,125,54.29515916666668,13.73599537037037,False,False,,,,,,,,,,contact cohorts 2017-06..2018-05; calendar maturity reference 2018-08-01; snapshot observed close separately,all 8000 MQL; type/segment rows are closed-only,mql for origin/contact month; closed sellers for type/segment
lead_type,online_medium,332,,332,,,,332,45.44930810045739,12.866753472222221,False,False,,,,,,,,,,contact cohorts 2017-06..2018-05; calendar maturity reference 2018-08-01; snapshot observed close separately,all 8000 MQL; type/segment rows are closed-only,mql for origin/contact month; closed sellers for type/segment
lead_type,online_small,77,,77,,,,77,57.769806547619055,17.840300925925927,False,False,,,,,,,,,,contact cohorts 2017-06..2018-05; calendar maturity reference 2018-08-01; snapshot observed close separately,all 8000 MQL; type/segment rows are closed-only,mql for origin/contact month; closed sellers for type/segment
lead_type,online_top,14,,14,,,,14,22.124796626984125,6.825075231481481,True,False,,,,,,,,,,contact cohorts 2017-06..2018-05; calendar maturity reference 2018-08-01; snapshot observed close separately,all 8000 MQL; type/segment rows are closed-only,mql for origin/contact month; closed sellers for type/segment
lead_type,other,3,,3,,,,3,254.46489969135803,260.8037615740741,True,False,,,,,,,,,,contact cohorts 2017-06..2018-05; calendar maturity reference 2018-08-01; snapshot observed close separately,all 8000 MQL; type/segment rows are closed-only,mql for origin/contact month; closed sellers for type/segment
lead_type,Missing,6,,6,,,,6,40.251238425925926,27.58561921296296,True,False,,,,,,,,,,contact cohorts 2017-06..2018-05; calendar maturity reference 2018-08-01; snapshot observed close separately,all 8000 MQL; type/segment rows are closed-only,mql for origin/contact month; closed sellers for type/segment
business_segment,air_conditioning,3,,3,,,,3,22.676014660493824,16.71326388888889,True,False,,,,,,,,,,contact cohorts 2017-06..2018-05; calendar maturity reference 2018-08-01; snapshot observed close separately,all 8000 MQL; type/segment rows are closed-only,mql for origin/contact month; closed sellers for type/segment
business_segment,audio_video_electronics,64,,64,,,,64,63.90686631944445,22.41117476851852,False,False,,,,,,,,,,contact cohorts 2017-06..2018-05; calendar maturity reference 2018-08-01; snapshot observed close separately,all 8000 MQL; type/segment rows are closed-only,mql for origin/contact month; closed sellers for type/segment
business_segment,baby,10,,10,,,,10,49.05785300925926,43.19230902777778,True,False,,,,,,,,,,contact cohorts 2017-06..2018-05; calendar maturity reference 2018-08-01; snapshot observed close separately,all 8000 MQL; type/segment rows are closed-only,mql for origin/contact month; closed sellers for type/segment
business_segment,bags_backpacks,22,,22,,,,22,20.20480324074074,9.627008101851853,True,False,,,,,,,,,,contact cohorts 2017-06..2018-05; calendar maturity reference 2018-08-01; snapshot observed close separately,all 8000 MQL; type/segment rows are closed-only,mql for origin/contact month; closed sellers for type/segment
business_segment,bed_bath_table,22,,22,,,,22,44.052582070707075,20.33064814814815,True,False,,,,,,,,,,contact cohorts 2017-06..2018-05; calendar maturity reference 2018-08-01; snapshot observed close separately,all 8000 MQL; type/segment rows are closed-only,mql for origin/contact month; closed sellers for type/segment
business_segment,books,9,,9,,,,9,42.8264146090535,8.535833333333333,True,False,,,,,,,,,,contact cohorts 2017-06..2018-05; calendar maturity reference 2018-08-01; snapshot observed close separately,all 8000 MQL; type/segment rows are closed-only,mql for origin/contact month; closed sellers for type/segment
business_segment,car_accessories,77,,77,,,,77,51.09903739778739,14.57929398148148,False,False,,,,,,,,,,contact cohorts 2017-06..2018-05; calendar maturity reference 2018-08-01; snapshot observed close separately,all 8000 MQL; type/segment rows are closed-only,mql for origin/contact month; closed sellers for type/segment
business_segment,computers,34,,34,,,,34,55.67652811819172,13.788883101851852,False,False,,,,,,,,,,contact cohorts 2017-06..2018-05; calendar maturity reference 2018-08-01; snapshot observed close separately,all 8000 MQL; type/segment rows are closed-only,mql for origin/contact month; closed sellers for type/segment
business_segment,construction_tools_house_garden,69,,69,,,,69,61.35498590982288,11.83476851851852,False,False,,,,,,,,,,contact cohorts 2017-06..2018-05; calendar maturity reference 2018-08-01; snapshot observed close separately,all 8000 MQL; type/segment rows are closed-only,mql for origin/contact month; closed sellers for type/segment
business_segment,fashion_accessories,19,,19,,,,19,51.71502132066278,10.584409722222222,True,False,,,,,,,,,,contact cohorts 2017-06..2018-05; calendar maturity reference 2018-08-01; snapshot observed close separately,all 8000 MQL; type/segment rows are closed-only,mql for origin/contact month; closed sellers for type/segment
business_segment,food_drink,26,,26,,,,26,32.23647391381767,16.719403935185184,True,False,,,,,,,,,,contact cohorts 2017-06..2018-05; calendar maturity reference 2018-08-01; snapshot observed close separately,all 8000 MQL; type/segment rows are closed-only,mql for origin/contact month; closed sellers for type/segment
business_segment,food_supplement,28,,28,,,,28,39.02980902777778,20.252106481481484,True,False,,,,,,,,,,contact cohorts 2017-06..2018-05; calendar maturity reference 2018-08-01; snapshot observed close separately,all 8000 MQL; type/segment rows are closed-only,mql for origin/contact month; closed sellers for type/segment
business_segment,games_consoles,2,,2,,,,2,26.20413773148148,26.20413773148148,True,False,,,,,,,,,,contact cohorts 2017-06..2018-05; calendar maturity reference 2018-08-01; snapshot observed close separately,all 8000 MQL; type/segment rows are closed-only,mql for origin/contact month; closed sellers for type/segment
business_segment,gifts,5,,5,,,,5,47.29100231481482,41.880069444444445,True,False,,,,,,,,,,contact cohorts 2017-06..2018-05; calendar maturity reference 2018-08-01; snapshot observed close separately,all 8000 MQL; type/segment rows are closed-only,mql for origin/contact month; closed sellers for type/segment
business_segment,handcrafted,12,,12,,,,12,61.11950906635803,34.546163194444446,True,False,,,,,,,,,,contact cohorts 2017-06..2018-05; calendar maturity reference 2018-08-01; snapshot observed close separately,all 8000 MQL; type/segment rows are closed-only,mql for origin/contact month; closed sellers for type/segment
business_segment,health_beauty,93,,93,,,,92,36.105692557367156,12.70435763888889,False,False,,,,,,,,,,contact cohorts 2017-06..2018-05; calendar maturity reference 2018-08-01; snapshot observed close separately,all 8000 MQL; type/segment rows are closed-only,mql for origin/contact month; closed sellers for type/segment
business_segment,home_appliances,7,,7,,,,7,51.473156415343915,4.892025462962963,True,False,,,,,,,,,,contact cohorts 2017-06..2018-05; calendar maturity reference 2018-08-01; snapshot observed close separately,all 8000 MQL; type/segment rows are closed-only,mql for origin/contact month; closed sellers for type/segment
business_segment,home_decor,105,,105,,,,105,50.724674272486766,13.613935185185186,False,False,,,,,,,,,,contact cohorts 2017-06..2018-05; calendar maturity reference 2018-08-01; snapshot observed close separately,all 8000 MQL; type/segment rows are closed-only,mql for origin/contact month; closed sellers for type/segment
business_segment,home_office_furniture,14,,14,,,,14,22.406344246031743,8.453449074074074,True,False,,,,,,,,,,contact cohorts 2017-06..2018-05; calendar maturity reference 2018-08-01; snapshot observed close separately,all 8000 MQL; type/segment rows are closed-only,mql for origin/contact month; closed sellers for type/segment
business_segment,household_utilities,71,,71,,,,71,53.483502380020866,12.125,False,False,,,,,,,,,,contact cohorts 2017-06..2018-05; calendar maturity reference 2018-08-01; snapshot observed close separately,all 8000 MQL; type/segment rows are closed-only,mql for origin/contact month; closed sellers for type/segment
business_segment,jewerly,8,,8,,,,8,52.487931134259256,37.04216435185185,True,False,,,,,,,,,,contact cohorts 2017-06..2018-05; calendar maturity reference 2018-08-01; snapshot observed close separately,all 8000 MQL; type/segment rows are closed-only,mql for origin/contact month; closed sellers for type/segment
business_segment,music_instruments,9,,9,,,,9,58.78017232510288,32.81509259259259,True,False,,,,,,,,,,contact cohorts 2017-06..2018-05; calendar maturity reference 2018-08-01; snapshot observed close separately,all 8000 MQL; type/segment rows are closed-only,mql for origin/contact month; closed sellers for type/segment
business_segment,other,3,,3,,,,3,254.46489969135803,260.8037615740741,True,False,,,,,,,,,,contact cohorts 2017-06..2018-05; calendar maturity reference 2018-08-01; snapshot observed close separately,all 8000 MQL; type/segment rows are closed-only,mql for origin/contact month; closed sellers for type/segment
business_segment,party,5,,5,,,,5,44.83077314814814,10.771203703703703,True,False,,,,,,,,,,contact cohorts 2017-06..2018-05; calendar maturity reference 2018-08-01; snapshot observed close separately,all 8000 MQL; type/segment rows are closed-only,mql for origin/contact month; closed sellers for type/segment
business_segment,perfume,2,,2,,,,2,149.61570023148147,149.61570023148147,True,False,,,,,,,,,,contact cohorts 2017-06..2018-05; calendar maturity reference 2018-08-01; snapshot observed close separately,all 8000 MQL; type/segment rows are closed-only,mql for origin/contact month; closed sellers for type/segment
business_segment,pet,30,,30,,,,30,29.8555513117284,15.269328703703703,False,False,,,,,,,,,,contact cohorts 2017-06..2018-05; calendar maturity reference 2018-08-01; snapshot observed close separately,all 8000 MQL; type/segment rows are closed-only,mql for origin/contact month; closed sellers for type/segment
business_segment,phone_mobile,13,,13,,,,13,30.16448985042735,11.795810185185186,True,False,,,,,,,,,,contact cohorts 2017-06..2018-05; calendar maturity reference 2018-08-01; snapshot observed close separately,all 8000 MQL; type/segment rows are closed-only,mql for origin/contact month; closed sellers for type/segment
business_segment,religious,1,,1,,,,1,4.68582175925926,4.68582175925926,True,False,,,,,,,,,,contact cohorts 2017-06..2018-05; calendar maturity reference 2018-08-01; snapshot observed close separately,all 8000 MQL; type/segment rows are closed-only,mql for origin/contact month; closed sellers for type/segment
business_segment,small_appliances,12,,12,,,,12,62.71787712191358,19.294947916666665,True,False,,,,,,,,,,contact cohorts 2017-06..2018-05; calendar maturity reference 2018-08-01; snapshot observed close separately,all 8000 MQL; type/segment rows are closed-only,mql for origin/contact month; closed sellers for type/segment
business_segment,sports_leisure,25,,25,,,,25,27.3538087962963,8.514282407407407,True,False,,,,,,,,,,contact cohorts 2017-06..2018-05; calendar maturity reference 2018-08-01; snapshot observed close separately,all 8000 MQL; type/segment rows are closed-only,mql for origin/contact month; closed sellers for type/segment
business_segment,stationery,13,,13,,,,13,37.111968482905986,16.592407407407407,True,False,,,,,,,,,,contact cohorts 2017-06..2018-05; calendar maturity reference 2018-08-01; snapshot observed close separately,all 8000 MQL; type/segment rows are closed-only,mql for origin/contact month; closed sellers for type/segment
business_segment,toys,20,,20,,,,20,64.91981018518518,8.534890046296296,True,False,,,,,,,,,,contact cohorts 2017-06..2018-05; calendar maturity reference 2018-08-01; snapshot observed close separately,all 8000 MQL; type/segment rows are closed-only,mql for origin/contact month; closed sellers for type/segment
business_segment,watches,8,,8,,,,8,92.25501591435184,49.69354166666667,True,False,,,,,,,,,,contact cohorts 2017-06..2018-05; calendar maturity reference 2018-08-01; snapshot observed close separately,all 8000 MQL; type/segment rows are closed-only,mql for origin/contact month; closed sellers for type/segment
business_segment,Missing,1,,1,,,,1,296.60356481481483,296.60356481481483,True,False,,,,,,,,,,contact cohorts 2017-06..2018-05; calendar maturity reference 2018-08-01; snapshot observed close separately,all 8000 MQL; type/segment rows are closed-only,mql for origin/contact month; closed sellers for type/segment
business_type,manufacturer,242,,242,,,,242,46.06997101698806,12.945908564814815,False,False,,,,,,,,,,contact cohorts 2017-06..2018-05; calendar maturity reference 2018-08-01; snapshot observed close separately,all 8000 MQL; type/segment rows are closed-only,mql for origin/contact month; closed sellers for type/segment
business_type,other,3,,3,,,,3,254.46489969135803,260.8037615740741,True,False,,,,,,,,,,contact cohorts 2017-06..2018-05; calendar maturity reference 2018-08-01; snapshot observed close separately,all 8000 MQL; type/segment rows are closed-only,mql for origin/contact month; closed sellers for type/segment
business_type,reseller,587,,587,,,,586,49.88007916192644,15.548848379629629,False,False,,,,,,,,,,contact cohorts 2017-06..2018-05; calendar maturity reference 2018-08-01; snapshot observed close separately,all 8000 MQL; type/segment rows are closed-only,mql for origin/contact month; closed sellers for type/segment
business_type,Missing,10,,10,,,,10,20.197481481481482,12.671302083333334,True,False,,,,,,,,,,contact cohorts 2017-06..2018-05; calendar maturity reference 2018-08-01; snapshot observed close separately,all 8000 MQL; type/segment rows are closed-only,mql for origin/contact month; closed sellers for type/segment
