comparison,start_month,end_month,factor,start_value,end_value,gmv_change_brl,shapley_contribution_brl,contribution_share,sample_size,analysis_window,cohort_definition,denominator
first_to_last,2017-01,2018-07,unique_customers,718.0,6100.0,756155.1,801651.0236703597,1.0601674493372586,6909,"[2017-01-01,2018-08-01)",specified month pair; symmetric 3-factor Shapley,customers × orders/customer × merchandise/order identity
first_to_last,2017-01,2018-07,purchase_frequency,1.0445682451253482,1.009672131147541,756155.1,-17121.26354220764,-0.022642528685196513,6909,"[2017-01-01,2018-08-01)",specified month pair; symmetric 3-factor Shapley,customers × orders/customer × merchandise/order identity
first_to_last,2017-01,2018-07,aov,149.06448,140.92441305406723,756155.1,-28374.660128151972,-0.037524920652061956,6909,"[2017-01-01,2018-08-01)",specified month pair; symmetric 3-factor Shapley,customers × orders/customer × merchandise/order identity
july_yoy,2017-07,2018-07,unique_customers,3802.0,6100.0,386348.94,309089.05008761137,0.8000256195542076,10031,"[2017-01-01,2018-08-01)",specified month pair; symmetric 3-factor Shapley,customers × orders/customer × merchandise/order identity
july_yoy,2017-07,2018-07,purchase_frequency,1.0184113624408206,1.009672131147541,386348.94,-5767.301648851756,-0.014927701494021844,10031,"[2017-01-01,2018-08-01)",specified month pair; symmetric 3-factor Shapley,customers × orders/customer × merchandise/order identity
july_yoy,2017-07,2018-07,aov,124.38133264462809,140.92441305406723,386348.94,83027.19156124054,0.21490208193981467,10031,"[2017-01-01,2018-08-01)",specified month pair; symmetric 3-factor Shapley,customers × orders/customer × merchandise/order identity
mom_2017-02,2017-01,2017-02,unique_customers,718.0,1630.0,122425.04,136493.8187536665,1.1149174936243966,2403,"[2017-01-01,2018-08-01)",specified month pair; symmetric 3-factor Shapley,customers × orders/customer × merchandise/order identity
mom_2017-02,2017-01,2017-02,purchase_frequency,1.0445682451253482,1.0141104294478527,122425.04,-5181.372797040094,-0.04232281890240832,2403,"[2017-01-01,2018-08-01)",specified month pair; symmetric 3-factor Shapley,customers × orders/customer × merchandise/order identity
mom_2017-02,2017-01,2017-02,aov,149.06448,141.69594676346037,122425.04,-8887.405956626433,-0.07259467472198852,2403,"[2017-01-01,2018-08-01)",specified month pair; symmetric 3-factor Shapley,customers × orders/customer × merchandise/order identity
mom_2017-03,2017-02,2017-03,unique_customers,1630.0,2508.0,124975.45,125956.46729007598,1.0078496799977594,4199,"[2017-01-01,2018-08-01)",specified month pair; symmetric 3-factor Shapley,customers × orders/customer × merchandise/order identity
mom_2017-03,2017-02,2017-03,purchase_frequency,1.0141104294478527,1.0151515151515151,124975.45,304.507823415057,0.0024365411239972087,4199,"[2017-01-01,2018-08-01)",specified month pair; symmetric 3-factor Shapley,customers × orders/customer × merchandise/order identity
mom_2017-03,2017-02,2017-03,aov,141.69594676346037,141.0836017282011,124975.45,-1285.5251134909631,-0.010286221121756018,4199,"[2017-01-01,2018-08-01)",specified month pair; symmetric 3-factor Shapley,customers × orders/customer × merchandise/order identity
mom_2017-04,2017-03,2017-04,unique_customers,2508.0,2274.0,-18529.17,-34285.38360747517,1.8503464325425893,4849,"[2017-01-01,2018-08-01)",specified month pair; symmetric 3-factor Shapley,customers × orders/customer × merchandise/order identity
mom_2017-04,2017-03,2017-04,purchase_frequency,1.0151515151515151,1.0127528583992964,-18529.17,-828.4374229591532,0.04470990459686825,4849,"[2017-01-01,2018-08-01)",specified month pair; symmetric 3-factor Shapley,customers × orders/customer × merchandise/order identity
mom_2017-04,2017-03,2017-04,aov,141.0836017282011,147.9243074250977,-18529.17,16584.651030434336,-0.8950563371394583,4849,"[2017-01-01,2018-08-01)",specified month pair; symmetric 3-factor Shapley,customers × orders/customer × merchandise/order identity
mom_2017-05,2017-04,2017-05,unique_customers,2274.0,3479.0,148668.57,175018.50779975715,1.1772394649370552,5849,"[2017-01-01,2018-08-01)",specified month pair; symmetric 3-factor Shapley,customers × orders/customer × merchandise/order identity
mom_2017-05,2017-04,2017-05,purchase_frequency,1.0127528583992964,1.0192584075883875,148668.57,2668.770393852232,0.017951140539336805,5849,"[2017-01-01,2018-08-01)",specified month pair; symmetric 3-factor Shapley,customers × orders/customer × merchandise/order identity
mom_2017-05,2017-04,2017-05,aov,147.9243074250977,137.99725042301185,148668.57,-29018.70819360943,-0.19519060547639241,5849,"[2017-01-01,2018-08-01)",specified month pair; symmetric 3-factor Shapley,customers × orders/customer × merchandise/order identity
mom_2017-06,2017-05,2017-06,unique_customers,3479.0,3076.0,-67414.88,-55980.93442417554,0.8303943346658117,6681,"[2017-01-01,2018-08-01)",specified month pair; symmetric 3-factor Shapley,customers × orders/customer × merchandise/order identity
mom_2017-06,2017-05,2017-06,purchase_frequency,1.0192584075883875,1.0191807542262679,-67414.88,-34.696178199383816,0.0005146664682839132,6681,"[2017-01-01,2018-08-01)",specified month pair; symmetric 3-factor Shapley,customers × orders/customer × merchandise/order identity
mom_2017-06,2017-05,2017-06,aov,137.99725042301185,134.58480701754385,-67414.88,-11399.249397625079,0.16909099886590434,6681,"[2017-01-01,2018-08-01)",specified month pair; symmetric 3-factor Shapley,customers × orders/customer × merchandise/order identity
mom_2017-07,2017-06,2017-07,unique_customers,3076.0,3802.0,59681.15,95772.10163906855,1.60472949397035,7007,"[2017-01-01,2018-08-01)",specified month pair; symmetric 3-factor Shapley,customers × orders/customer × merchandise/order identity
mom_2017-07,2017-06,2017-07,purchase_frequency,1.0191807542262679,1.0184113624408206,59681.15,-342.1292667649783,-0.005732618536421941,7007,"[2017-01-01,2018-08-01)",specified month pair; symmetric 3-factor Shapley,customers × orders/customer × merchandise/order identity
mom_2017-07,2017-06,2017-07,aov,134.58480701754385,124.38133264462809,59681.15,-35748.82237230362,-0.5989968754339288,7007,"[2017-01-01,2018-08-01)",specified month pair; symmetric 3-factor Shapley,customers × orders/customer × merchandise/order identity
mom_2017-08,2017-07,2017-08,unique_customers,3802.0,4114.0,73095.18,40794.23132480448,0.5580974193483685,8065,"[2017-01-01,2018-08-01)",specified month pair; symmetric 3-factor Shapley,customers × orders/customer × merchandise/order identity
mom_2017-08,2017-07,2017-08,purchase_frequency,1.0184113624408206,1.0192027224112785,73095.18,402.1389774433337,0.0055015799597638824,8065,"[2017-01-01,2018-08-01)",specified month pair; symmetric 3-factor Shapley,customers × orders/customer × merchandise/order identity
mom_2017-08,2017-07,2017-08,aov,124.38133264462809,132.29184354877177,73095.18,31898.809697752295,0.4364010006918691,8065,"[2017-01-01,2018-08-01)",specified month pair; symmetric 3-factor Shapley,customers × orders/customer × merchandise/order identity
mom_2017-09,2017-08,2017-09,unique_customers,4114.0,4083.0,52699.97,-4395.930050738893,-0.08341427994624842,8343,"[2017-01-01,2018-08-01)",specified month pair; symmetric 3-factor Shapley,customers × orders/customer × merchandise/order identity
mom_2017-09,2017-08,2017-09,purchase_frequency,1.0192027224112785,1.0164095028165565,52699.97,-1594.9109140480093,-0.03026398144150764,8343,"[2017-01-01,2018-08-01)",specified month pair; symmetric 3-factor Shapley,customers × orders/customer × merchandise/order identity
mom_2017-09,2017-08,2017-09,aov,132.29184354877177,146.36136626506024,52699.97,58690.81096478687,1.1136782613877554,8343,"[2017-01-01,2018-08-01)",specified month pair; symmetric 3-factor Shapley,customers × orders/customer × merchandise/order identity
mom_2017-10,2017-09,2017-10,unique_customers,4083.0,4417.0,40847.98,49352.45371301959,1.2081981462246012,8628,"[2017-01-01,2018-08-01)",specified month pair; symmetric 3-factor Shapley,customers × orders/customer × merchandise/order identity
mom_2017-10,2017-09,2017-10,purchase_frequency,1.0164095028165565,1.0138102784695495,40847.98,-1607.8653107034818,-0.039362174352403266,8628,"[2017-01-01,2018-08-01)",specified month pair; symmetric 3-factor Shapley,customers × orders/customer × merchandise/order identity
mom_2017-10,2017-09,2017-10,aov,146.36136626506024,144.76276239392587,40847.98,-6896.608402316128,-0.16883597187219854,8628,"[2017-01-01,2018-08-01)",specified month pair; symmetric 3-factor Shapley,customers × orders/customer × merchandise/order identity
mom_2017-11,2017-10,2017-11,unique_customers,4417.0,7183.0,339517.72,393158.15638083284,1.157990093656475,11767,"[2017-01-01,2018-08-01)",specified month pair; symmetric 3-factor Shapley,customers × orders/customer × merchandise/order identity
mom_2017-11,2017-10,2017-11,purchase_frequency,1.0138102784695495,1.014757065293053,339517.72,767.5339593295356,0.0022606595005690297,11767,"[2017-01-01,2018-08-01)",specified month pair; symmetric 3-factor Shapley,customers × orders/customer × merchandise/order identity
mom_2017-11,2017-10,2017-11,aov,144.76276239392587,135.51452462614898,339517.72,-54407.9703401624,-0.16025075315704407,11767,"[2017-01-01,2018-08-01)",specified month pair; symmetric 3-factor Shapley,customers × orders/customer × merchandise/order identity
mom_2017-12,2017-11,2017-12,unique_customers,7183.0,5450.0,-261732.18,-234585.24812194685,0.8962797319074286,12802,"[2017-01-01,2018-08-01)",specified month pair; symmetric 3-factor Shapley,customers × orders/customer × merchandise/order identity
mom_2017-12,2017-11,2017-12,purchase_frequency,1.014757065293053,1.011559633027523,-261732.18,-2700.1207536438205,0.010316349917858098,12802,"[2017-01-01,2018-08-01)",specified month pair; symmetric 3-factor Shapley,customers × orders/customer × merchandise/order identity
mom_2017-12,2017-11,2017-12,aov,135.51452462614898,131.69475603119898,-261732.18,-24446.811124409396,0.09340391817471354,12802,"[2017-01-01,2018-08-01)",specified month pair; symmetric 3-factor Shapley,customers × orders/customer × merchandise/order identity
mom_2018-01,2017-12,2018-01,unique_customers,5450.0,6974.0,198611.81,202541.3619056235,1.0197850868265261,12582,"[2017-01-01,2018-08-01)",specified month pair; symmetric 3-factor Shapley,customers × orders/customer × merchandise/order identity
mom_2018-01,2017-12,2018-01,purchase_frequency,1.011559633027523,1.013622024663034,198611.81,1681.2701866324835,0.008465106816319148,12582,"[2017-01-01,2018-08-01)",specified month pair; symmetric 3-factor Shapley,customers × orders/customer × merchandise/order identity
mom_2018-01,2017-12,2018-01,aov,131.69475603119898,130.80280096194653,198611.81,-5610.822092255907,-0.028250193642844836,12582,"[2017-01-01,2018-08-01)",specified month pair; symmetric 3-factor Shapley,customers × orders/customer × merchandise/order identity
mom_2018-02,2018-01,2018-02,unique_customers,6974.0,6400.0,-98207.87,-75117.1106583296,0.764878727726501,13624,"[2017-01-01,2018-08-01)",specified month pair; symmetric 3-factor Shapley,customers × orders/customer × merchandise/order identity
mom_2018-02,2018-01,2018-02,purchase_frequency,1.013622024663034,1.02421875,-98207.87,9103.69833738638,-0.09269825664059694,13624,"[2017-01-01,2018-08-01)",specified month pair; symmetric 3-factor Shapley,customers × orders/customer × merchandise/order identity
mom_2018-02,2018-01,2018-02,aov,130.80280096194653,126.0773653699466,-98207.87,-32194.457679056777,0.327819528914096,13624,"[2017-01-01,2018-08-01)",specified month pair; symmetric 3-factor Shapley,customers × orders/customer × merchandise/order identity
mom_2018-03,2018-02,2018-03,unique_customers,6400.0,6914.0,126919.12,68633.55705888904,0.5407660962263924,13558,"[2017-01-01,2018-08-01)",specified month pair; symmetric 3-factor Shapley,customers × orders/customer × merchandise/order identity
mom_2018-03,2018-02,2018-03,purchase_frequency,1.02421875,1.0128724327451548,126919.12,-9907.672642611182,-0.07806288479317523,13558,"[2017-01-01,2018-08-01)",specified month pair; symmetric 3-factor Shapley,customers × orders/customer × merchandise/order identity
mom_2018-03,2018-02,2018-03,aov,126.0773653699466,136.13540625446237,126919.12,68193.23558372215,0.537296788566783,13558,"[2017-01-01,2018-08-01)",specified month pair; symmetric 3-factor Shapley,customers × orders/customer × merchandise/order identity
mom_2018-04,2018-03,2018-04,unique_customers,6914.0,6744.0,20177.84,-23991.663132017344,-1.1890104754531379,13801,"[2017-01-01,2018-08-01)",specified month pair; symmetric 3-factor Shapley,customers × orders/customer × merchandise/order identity
mom_2018-04,2018-03,2018-04,purchase_frequency,1.0128724327451548,1.0080071174377223,20177.84,-4640.152990001874,-0.2299628201037313,13801,"[2017-01-01,2018-08-01)",specified month pair; symmetric 3-factor Shapley,customers × orders/customer × merchandise/order identity
mom_2018-04,2018-03,2018-04,aov,136.13540625446237,143.2088982053545,20177.84,48809.656122018954,2.418973295556856,13801,"[2017-01-01,2018-08-01)",specified month pair; symmetric 3-factor Shapley,customers × orders/customer × merchandise/order identity
mom_2018-05,2018-04,2018-05,unique_customers,6744.0,6693.0,4010.6,-7405.459584232768,-1.8464717459314737,13547,"[2017-01-01,2018-08-01)",specified month pair; symmetric 3-factor Shapley,customers × orders/customer × merchandise/order identity
mom_2018-05,2018-04,2018-05,purchase_frequency,1.0080071174377223,1.0083669505453459,4010.6,348.18568332336145,0.08681635748350906,13547,"[2017-01-01,2018-08-01)",specified month pair; symmetric 3-factor Shapley,customers × orders/customer × merchandise/order identity
mom_2018-05,2018-04,2018-05,aov,143.2088982053545,144.8428937620388,4010.6,11067.873900909615,2.759655388448017,13547,"[2017-01-01,2018-08-01)",specified month pair; symmetric 3-factor Shapley,customers × orders/customer × merchandise/order identity
mom_2018-06,2018-05,2018-06,unique_customers,6693.0,6061.0,-121466.83,-90785.32163253339,0.7474083388241333,12848,"[2017-01-01,2018-08-01)",specified month pair; symmetric 3-factor Shapley,customers × orders/customer × merchandise/order identity
mom_2018-06,2018-05,2018-06,purchase_frequency,1.0083669505453459,1.006269592476489,-121466.83,-1907.7924504129915,0.01570628335664141,12848,"[2017-01-01,2018-08-01)",specified month pair; symmetric 3-factor Shapley,customers × orders/customer × merchandise/order identity
mom_2018-06,2018-05,2018-06,aov,144.8428937620388,140.36364322020003,-121466.83,-28773.715917053574,0.236885377819225,12848,"[2017-01-01,2018-08-01)",specified month pair; symmetric 3-factor Shapley,customers × orders/customer × merchandise/order identity
mom_2018-07,2018-06,2018-07,unique_customers,6061.0,6100.0,11875.6,5528.84440888738,0.46556337438844186,12258,"[2017-01-01,2018-08-01)",specified month pair; symmetric 3-factor Shapley,customers × orders/customer × merchandise/order identity
mom_2018-07,2018-06,2018-07,purchase_frequency,1.006269592476489,1.009672131147541,11875.6,2909.8096816074685,0.24502422459559672,12258,"[2017-01-01,2018-08-01)",specified month pair; symmetric 3-factor Shapley,customers × orders/customer × merchandise/order identity
mom_2018-07,2018-06,2018-07,aov,140.36364322020003,140.92441305406723,11875.6,3436.9459095052443,0.2894124010159692,12258,"[2017-01-01,2018-08-01)",specified month pair; symmetric 3-factor Shapley,customers × orders/customer × merchandise/order identity
