category,merchandise_cents,freight_cents,orders,items,review_n,review_mean,delivery_n,delivery_mean_days,late_n,late_orders,sample_size,aov_proxy_brl,freight_ratio,late_rate,h1_2017_cents,h1_2017_orders,h1_2018_cents,h1_2018_orders,h1_growth,growth_eligible,high_gmv,high_growth,poor_cx_screen,high_late_screen,high_freight_screen,gmv_share,matrix_tags,analysis_window,cohort_definition,denominator
health_beauty,111016649,16194878,7845,8587,7801,4.213305986411998,7845,12.429183742298704,7845,592.0,7845,141.51261822817082,0.14587792142780315,0.07546207775653282,16025202,1074,53280927,3841,2.3248209289343125,True,True,True,False,False,False,0.08994700775988286,High GMV + High Growth,"[2017-01-01,2018-08-01)",core delivered; H1 growth compares Jan-Jun 2017 vs Jan-Jun 2018,distinct order/category; category orders and CX not additive
watches_gifts,109369885,9102972,5104,5444,5063,4.113964052933044,5102,13.174573850850066,5102,378.0,5104,214.28269004702193,0.08323106493163086,0.07408859270874167,13126449,438,52292335,2524,2.9837381000756564,True,True,True,False,False,False,0.08861278000556921,High GMV + High Growth,"[2017-01-01,2018-08-01)",core delivered; H1 growth compares Jan-Jun 2017 vs Jan-Jun 2018,distinct order/category; category orders and CX not additive
bed_bath_table,96206468,18752968,8712,10290,8621,3.9903723465955228,8712,13.328282045784018,8712,661.0,8712,110.42983011937557,0.19492419158345986,0.07587235996326905,13507723,1300,41706253,3778,2.0875857463171252,True,True,True,False,False,False,0.07794762318710342,High GMV + High Growth,"[2017-01-01,2018-08-01)",core delivered; H1 growth compares Jan-Jun 2017 vs Jan-Jun 2018,distinct order/category; category orders and CX not additive
sports_leisure,90198022,15411548,7081,7943,7038,4.21639670360898,7080,12.534193707169388,7080,475.0,7081,127.3803445840983,0.17086348079783834,0.067090395480226,13948073,1040,41229019,3131,1.9558935488794762,True,True,True,False,False,False,0.07307950886501793,High GMV + High Growth,"[2017-01-01,2018-08-01)",core delivered; H1 growth compares Jan-Jun 2017 vs Jan-Jun 2018,distinct order/category; category orders and CX not additive
computers_accessories,84800295,13597212,6138,7217,6108,4.06581532416503,6137,13.451525757925515,6137,396.0,6138,138.15623167155425,0.16034392333187047,0.0645266416816034,14262858,844,41515335,3211,1.91073044406668,True,True,True,False,False,False,0.06870620633131663,High GMV + High Growth,"[2017-01-01,2018-08-01)",core delivered; H1 growth compares Jan-Jun 2017 vs Jan-Jun 2018,distinct order/category; category orders and CX not additive
furniture_decor,66506862,15663890,5917,7665,5872,4.04683242506812,5917,13.29580881397918,5917,428.0,5917,112.39963157005239,0.23552291491365207,0.07233395301673146,11323457,1163,29508743,2463,1.605983579043043,True,True,True,False,False,True,0.053884649611424126,High GMV + High Growth; High Freight Burden,"[2017-01-01,2018-08-01)",core delivered; H1 growth compares Jan-Jun 2017 vs Jan-Jun 2018,distinct order/category; category orders and CX not additive
cool_stuff,59336311,7862132,3436,3592,3408,4.221537558685446,3436,12.497045306638856,3436,199.0,3436,172.6900785797439,0.13250119307214767,0.05791618160651921,13138840,751,19079680,1162,0.45215863805328316,True,True,False,False,False,False,0.04807498401397274,No threshold flag,"[2017-01-01,2018-08-01)",core delivered; H1 growth compares Jan-Jun 2017 vs Jan-Jun 2018,distinct order/category; category orders and CX not additive
housewares,55557826,12871164,5185,6167,5154,4.176173845556849,5185,11.50989672175792,5185,277.0,5185,107.15106268081003,0.23167148404978985,0.053423336547733846,8385517,925,27047680,2340,2.2255232444224964,True,True,True,False,False,True,0.04501361058325785,High GMV + High Growth; High Freight Burden,"[2017-01-01,2018-08-01)",core delivered; H1 growth compares Jan-Jun 2017 vs Jan-Jun 2018,distinct order/category; category orders and CX not additive
auto,53280581,8265332,3457,3762,3440,4.131104651162791,3456,12.798269719462663,3456,258.0,3457,154.12375180792594,0.15512841348332895,0.07465277777777778,9243802,446,25478893,1750,1.7563218035176433,True,True,True,False,False,False,0.043168559633411985,High GMV + High Growth,"[2017-01-01,2018-08-01)",core delivered; H1 growth compares Jan-Jun 2017 vs Jan-Jun 2018,distinct order/category; category orders and CX not additive
garden_tools,45282070,9262170,3323,4127,3303,4.175900696336663,3323,13.848576228669987,3323,222.0,3323,136.26864279265723,0.20454387354641693,0.06680710201625037,9617892,525,17023162,1237,0.7699473023818524,True,True,False,False,False,False,0.03668807100882282,No threshold flag,"[2017-01-01,2018-08-01)",core delivered; H1 growth compares Jan-Jun 2017 vs Jan-Jun 2018,distinct order/category; category orders and CX not additive
toys,45025623,7202175,3631,3841,3605,4.239389736477115,3630,11.886731408147128,3630,231.0,3631,124.00336821812172,0.15995725367309188,0.06363636363636363,7681743,646,13417752,1079,0.7467067044549656,True,True,False,False,False,False,0.03648029460315056,No threshold flag,"[2017-01-01,2018-08-01)",core delivered; H1 growth compares Jan-Jun 2017 vs Jan-Jun 2018,distinct order/category; category orders and CX not additive
baby,37778410,6147081,2599,2759,2577,4.095847885137757,2599,13.037333750160318,2599,209.0,2599,145.35748364755673,0.16271412693122872,0.0804155444401693,3337675,318,20751510,1220,5.217354895248938,True,True,True,False,False,False,0.03060851654264971,High GMV + High Growth,"[2017-01-01,2018-08-01)",core delivered; H1 growth compares Jan-Jun 2017 vs Jan-Jun 2018,distinct order/category; category orders and CX not additive
perfumery,36047581,4897765,2857,3093,2848,4.250702247191011,2857,12.220688509541219,2857,187.0,2857,126.17284214210711,0.13586944988070074,0.06545327266363318,9613401,548,12888629,1087,0.3406939958085593,True,True,False,False,False,False,0.029206178326748142,No threshold flag,"[2017-01-01,2018-08-01)",core delivered; H1 growth compares Jan-Jun 2017 vs Jan-Jun 2018,distinct order/category; category orders and CX not additive
telephony,27305903,6438184,3846,4151,3824,4.048117154811716,3846,13.203388814256273,3846,280.0,3846,70.9981877275091,0.23577993373813713,0.07280291211648465,3786646,747,11105809,1675,1.9328881020301343,True,False,True,False,False,True,0.022123566970856854,Lower GMV + High Growth; High Freight Burden,"[2017-01-01,2018-08-01)",core delivered; H1 growth compares Jan-Jun 2017 vs Jan-Jun 2018,distinct order/category; category orders and CX not additive
office_furniture,26009456,6514258,1224,1632,1215,3.6411522633744857,1224,20.698996081457274,1224,99.0,1224,212.49555555555554,0.25045729522370636,0.08088235294117647,4789204,251,12059420,550,1.5180426642924378,True,False,False,True,False,True,0.021073170211274632,High Freight Burden,"[2017-01-01,2018-08-01)",core delivered; H1 growth compares Jan-Jun 2017 vs Jan-Jun 2018,distinct order/category; category orders and CX not additive
computers,20997264,914887,167,187,164,4.2560975609756095,167,14.296023369926813,167,10.0,167,1257.3211976047903,0.043571724392282726,0.059880239520958084,574899,2,4245284,38,6.384399694555044,False,False,False,False,False,False,0.017012232714250897,No threshold flag,"[2017-01-01,2018-08-01)",core delivered; H1 growth compares Jan-Jun 2017 vs Jan-Jun 2018,distinct order/category; category orders and CX not additive
stationery,20834304,4238289,2106,2297,2094,4.274594078319007,2106,13.113271989641587,2106,136.0,2106,98.9283190883191,0.20342839386427308,0.06457739791073125,2345120,214,9965291,1041,3.2493735928225425,True,False,True,False,False,False,0.016880200586488234,Lower GMV + High Growth,"[2017-01-01,2018-08-01)",core delivered; H1 growth compares Jan-Jun 2017 vs Jan-Jun 2018,distinct order/category; category orders and CX not additive
pet_shop,18639789,3494799,1518,1722,1510,4.260927152317881,1518,11.764131875823452,1518,77.0,1518,122.79175889328064,0.1874913390918749,0.050724637681159424,3208153,260,8289772,698,1.5839702782255087,True,False,True,False,False,False,0.015102178465372155,Lower GMV + High Growth,"[2017-01-01,2018-08-01)",core delivered; H1 growth compares Jan-Jun 2017 vs Jan-Jun 2018,distinct order/category; category orders and CX not additive
small_appliances,17658606,1468132,586,635,581,4.263339070567986,586,11.102223822051574,586,28.0,586,301.3413993174061,0.08313974500591949,0.04778156996587031,5813866,121,7158353,256,0.23125524392891061,True,False,False,False,False,False,0.014307212343535193,No threshold flag,"[2017-01-01,2018-08-01)",core delivered; H1 growth compares Jan-Jun 2017 vs Jan-Jun 2018,distinct order/category; category orders and CX not additive
musical_instruments,17379640,1668527,572,610,566,4.220848056537102,572,13.39865123591686,572,43.0,572,303.83986013986015,0.09600469284749281,0.07517482517482517,2267927,69,8743601,299,2.855327354010954,True,False,True,False,False,False,0.01408119077656515,Lower GMV + High Growth,"[2017-01-01,2018-08-01)",core delivered; H1 growth compares Jan-Jun 2017 vs Jan-Jun 2018,distinct order/category; category orders and CX not additive
Unknown,16846169,2644724,1361,1504,1351,4.0,1361,12.828346489169183,1361,100.0,1361,123.77787656135195,0.15699260763678674,0.07347538574577517,4075085,307,6378289,534,0.5651916463092181,True,False,False,False,False,False,0.013648966235391398,No threshold flag,"[2017-01-01,2018-08-01)",core delivered; H1 growth compares Jan-Jun 2017 vs Jan-Jun 2018,distinct order/category; category orders and CX not additive
electronics,14419637,4348233,2402,2609,2383,4.12211498111624,2402,13.162111309633946,2402,186.0,2402,60.031794338051625,0.3015494079358586,0.07743547044129892,1885324,202,7972508,1450,3.2287203684883874,True,False,True,False,False,True,0.011682961184801156,Lower GMV + High Growth; High Freight Burden,"[2017-01-01,2018-08-01)",core delivered; H1 growth compares Jan-Jun 2017 vs Jan-Jun 2018,distinct order/category; category orders and CX not additive
fashion_bags_accessories,14081766,2857763,1691,1850,1682,4.241973840665874,1691,11.5075293424338,1691,98.0,1691,83.27478415138971,0.2029406680951807,0.0579538734476641,2563867,332,5539383,625,1.1605578604506395,True,False,False,False,False,False,0.011409214087112778,No threshold flag,"[2017-01-01,2018-08-01)",core delivered; H1 growth compares Jan-Jun 2017 vs Jan-Jun 2018,distinct order/category; category orders and CX not additive
consoles_games,14000270,1797710,958,1023,949,4.182297154899895,958,13.995003419063636,958,62.0,958,146.14060542797495,0.12840538075337118,0.06471816283924843,3023236,149,4859666,269,0.6074385195201433,True,False,False,False,False,False,0.011343185059841386,No threshold flag,"[2017-01-01,2018-08-01)",core delivered; H1 growth compares Jan-Jun 2017 vs Jan-Jun 2018,distinct order/category; category orders and CX not additive
luggage_accessories,13210188,2869238,957,1013,953,4.367261280167891,957,11.141093925364759,957,42.0,957,138.0374921630094,0.21719887710909186,0.0438871473354232,3584781,227,5119146,348,0.4280219628479396,True,False,False,False,False,True,0.01070305123824726,High Freight Burden,"[2017-01-01,2018-08-01)",core delivered; H1 growth compares Jan-Jun 2017 vs Jan-Jun 2018,distinct order/category; category orders and CX not additive
construction_tools_construction,11919133,1726563,612,754,607,4.107084019769357,612,11.626062639947953,612,42.0,612,194.7570751633987,0.14485642537926208,0.06862745098039216,85205,9,8473198,414,98.4448447861041,False,False,False,False,False,False,0.009657023141115311,No threshold flag,"[2017-01-01,2018-08-01)",core delivered; H1 growth compares Jan-Jun 2017 vs Jan-Jun 2018,distinct order/category; category orders and CX not additive
home_appliances_2,10042119,953881,213,217,212,4.165094339622642,213,14.139694020605113,213,13.0,213,471.4609859154929,0.0949880199587358,0.06103286384976526,575339,24,6677278,109,10.605815006457062,False,False,False,False,False,False,0.008136244101717276,No threshold flag,"[2017-01-01,2018-08-01)",core delivered; H1 growth compares Jan-Jun 2017 vs Jan-Jun 2018,distinct order/category; category orders and CX not additive
home_construction,7512141,1236395,439,548,437,3.997711670480549,439,13.598588437526365,439,27.0,439,171.11938496583144,0.16458623447030613,0.06150341685649203,650305,22,4467871,272,5.870423878026465,False,False,False,False,False,False,0.006086425873116871,No threshold flag,"[2017-01-01,2018-08-01)",core delivered; H1 growth compares Jan-Jun 2017 vs Jan-Jun 2018,distinct order/category; category orders and CX not additive
home_appliances,7238863,1316722,685,691,682,4.203812316715543,685,11.525261607866991,685,27.0,685,105.67683211678832,0.18189624530813747,0.03941605839416058,597358,95,4414387,375,6.389851646751194,True,False,True,False,False,False,0.0058650127913132104,Lower GMV + High Growth,"[2017-01-01,2018-08-01)",core delivered; H1 growth compares Jan-Jun 2017 vs Jan-Jun 2018,distinct order/category; category orders and CX not additive
agro_industry_and_commerce,6554501,511455,163,188,163,4.128834355828221,163,11.878431251420132,163,7.0,163,402.11662576687115,0.07803111175053601,0.04294478527607362,334274,16,2969599,89,7.883727122061542,False,False,False,False,False,False,0.005310534569541546,No threshold flag,"[2017-01-01,2018-08-01)",core delivered; H1 growth compares Jan-Jun 2017 vs Jan-Jun 2018,distinct order/category; category orders and CX not additive
furniture_living_room,6212736,1622742,376,455,371,4.097035040431267,376,14.398663471483452,376,26.0,376,165.2323404255319,0.2611960334384078,0.06914893617021277,1624163,87,2153728,124,0.3260540967870835,True,False,False,False,False,True,0.005033632506797278,High Freight Burden,"[2017-01-01,2018-08-01)",core delivered; H1 growth compares Jan-Jun 2017 vs Jan-Jun 2018,distinct order/category; category orders and CX not additive
home_confort,5576717,809917,377,413,375,3.856,377,13.94503469152176,377,36.0,377,147.92352785145889,0.14523186311946618,0.09549071618037135,1288143,80,1558989,108,0.2102608173160898,True,False,False,False,True,False,0.004518322357880489,High Late Delivery,"[2017-01-01,2018-08-01)",core delivered; H1 growth compares Jan-Jun 2017 vs Jan-Jun 2018,distinct order/category; category orders and CX not additive
fixed_telephony,5188616,426491,197,240,194,3.9536082474226806,197,12.453438792536192,197,9.0,197,263.3815228426396,0.08219744918490789,0.04568527918781726,465513,78,1496183,67,2.2140520243258512,True,False,True,False,False,False,0.004203878317522018,Lower GMV + High Growth,"[2017-01-01,2018-08-01)",core delivered; H1 growth compares Jan-Jun 2017 vs Jan-Jun 2018,distinct order/category; category orders and CX not additive
air_conditioning,4841737,592575,225,260,221,4.126696832579186,225,11.897717541152263,225,10.0,225,215.18831111111112,0.12238892777530047,0.044444444444444446,1266439,58,1849030,100,0.460022946229546,True,False,False,False,False,False,0.003922832831229773,No threshold flag,"[2017-01-01,2018-08-01)",core delivered; H1 growth compares Jan-Jun 2017 vs Jan-Jun 2018,distinct order/category; category orders and CX not additive
audio,4834421,525898,322,334,319,3.7899686520376177,322,13.974697851966875,322,41.0,322,150.13729813664597,0.10878200305682935,0.12732919254658384,599295,55,2882890,142,3.8104689677037182,True,False,True,True,True,False,0.003916905321124768,Lower GMV + High Growth; High Late Delivery,"[2017-01-01,2018-08-01)",core delivered; H1 growth compares Jan-Jun 2017 vs Jan-Jun 2018,distinct order/category; category orders and CX not additive
books_general_interest,4373737,836818,462,501,458,4.548034934497816,461,11.838300594520767,461,27.0,462,94.66963203463203,0.19132791935134646,0.05856832971800434,822869,79,2121392,223,1.5780434066661888,True,False,False,False,False,False,0.0035436536719702896,No threshold flag,"[2017-01-01,2018-08-01)",core delivered; H1 growth compares Jan-Jun 2017 vs Jan-Jun 2018,distinct order/category; category orders and CX not additive
small_appliances_home_oven_and_coffee,4359284,226193,55,56,55,4.472727272727273,55,10.90869191919192,55,4.0,55,792.5970909090909,0.05188764943967863,0.07272727272727272,7190,1,3815838,38,529.7146036161336,False,False,False,False,False,False,0.0035319436796865775,No threshold flag,"[2017-01-01,2018-08-01)",core delivered; H1 growth compares Jan-Jun 2017 vs Jan-Jun 2018,distinct order/category; category orders and CX not additive
kitchen_dining_laundry_garden_furniture,4352051,1096290,222,254,220,4.1,222,12.38772767559226,222,11.0,222,196.03833333333333,0.25190191934791206,0.04954954954954955,307656,27,2126141,97,5.910773721299114,False,False,False,False,False,True,0.0035260834171675095,High Freight Burden,"[2017-01-01,2018-08-01)",core delivered; H1 growth compares Jan-Jun 2017 vs Jan-Jun 2018,distinct order/category; category orders and CX not additive
industry_commerce_and_business,3577452,712721,220,251,218,4.229357798165138,219,11.104434720108237,219,15.0,220,162.61145454545454,0.1992258736106033,0.0684931506849315,115377,7,2242064,173,18.43250387858932,False,False,False,False,False,False,0.002898494106092217,No threshold flag,"[2017-01-01,2018-08-01)",core delivered; H1 growth compares Jan-Jun 2017 vs Jan-Jun 2018,distinct order/category; category orders and CX not additive
construction_tools_safety,3480300,321434,138,158,137,3.978102189781022,138,12.420614851717659,138,4.0,138,252.19565217391303,0.09235813004626038,0.028985507246376812,37900,1,2506715,89,65.14023746701847,False,False,False,False,False,False,0.0028197804016469666,No threshold flag,"[2017-01-01,2018-08-01)",core delivered; H1 growth compares Jan-Jun 2017 vs Jan-Jun 2018,distinct order/category; category orders and CX not additive
construction_tools_lights,3174447,581408,186,239,183,4.2076502732240435,186,10.412186691059338,186,12.0,186,170.66919354838709,0.18315253018872263,0.06451612903225806,0,0,2044138,129,,False,False,False,False,False,False,0.002571974667892713,No threshold flag,"[2017-01-01,2018-08-01)",core delivered; H1 growth compares Jan-Jun 2017 vs Jan-Jun 2018,distinct order/category; category orders and CX not additive
market_place,2593121,493325,261,286,259,4.081081081081081,261,12.114863150986235,261,10.0,261,99.35329501915709,0.19024372561095299,0.038314176245210725,1157816,94,642952,83,-0.44468551134204404,True,False,False,False,False,False,0.002100977437260921,No threshold flag,"[2017-01-01,2018-08-01)",core delivered; H1 growth compares Jan-Jun 2017 vs Jan-Jun 2018,distinct order/category; category orders and CX not additive
fashion_shoes,2250017,469650,231,253,227,4.255506607929515,231,15.867129379108547,231,11.0,231,97.40333333333334,0.2087317562489528,0.047619047619047616,613237,74,700548,59,0.1423772538186705,True,False,False,False,False,False,0.001822990500810994,No threshold flag,"[2017-01-01,2018-08-01)",core delivered; H1 growth compares Jan-Jun 2017 vs Jan-Jun 2018,distinct order/category; category orders and CX not additive
art,2217591,353372,177,179,175,4.097142857142857,177,11.367154085582758,177,8.0,177,125.28762711864407,0.1593494923094475,0.04519774011299435,742205,15,1135137,124,0.5294116854507851,False,False,False,False,False,False,0.001796718570430336,No threshold flag,"[2017-01-01,2018-08-01)",core delivered; H1 growth compares Jan-Jun 2017 vs Jan-Jun 2018,distinct order/category; category orders and CX not additive
costruction_tools_garden,2140752,458193,171,209,171,4.298245614035087,171,12.286740307559022,171,8.0,171,125.19017543859648,0.21403366667414067,0.04678362573099415,395222,16,1075297,90,1.7207417603271074,False,False,False,False,False,False,0.0017344626998783287,No threshold flag,"[2017-01-01,2018-08-01)",core delivered; H1 growth compares Jan-Jun 2017 vs Jan-Jun 2018,distinct order/category; category orders and CX not additive
food,2047707,565025,338,383,334,4.2604790419161676,338,11.097820444334866,338,21.0,338,60.5830473372781,0.27593058967908984,0.0621301775147929,416131,41,875252,177,1.1033088138110356,True,False,False,False,False,True,0.0016590765356191434,High Freight Burden,"[2017-01-01,2018-08-01)",core delivered; H1 growth compares Jan-Jun 2017 vs Jan-Jun 2018,distinct order/category; category orders and CX not additive
drinks,2010658,503885,263,334,263,4.250950570342205,263,10.804285267920012,263,14.0,263,76.45087452471483,0.2506070152159144,0.053231939163498096,60386,6,1419976,177,22.514986917497435,False,False,False,False,False,True,0.0016290589957229798,High Freight Burden,"[2017-01-01,2018-08-01)",core delivered; H1 growth compares Jan-Jun 2017 vs Jan-Jun 2018,distinct order/category; category orders and CX not additive
signaling_and_security,1948946,614446,122,175,121,4.0578512396694215,122,11.294343693078325,122,6.0,122,159.74967213114755,0.31527092079513747,0.04918032786885246,84591,8,1145546,70,12.542173517277252,False,False,False,False,False,True,0.0015790592002609687,High Freight Burden,"[2017-01-01,2018-08-01)",core delivered; H1 growth compares Jan-Jun 2017 vs Jan-Jun 2018,distinct order/category; category orders and CX not additive
books_technical,1721844,382125,228,234,227,4.392070484581498,228,11.171245329759584,228,18.0,228,75.51947368421052,0.22192777046004167,0.07894736842105263,71690,9,946129,159,12.197503138513042,False,False,False,False,False,True,0.0013950584621709105,High Freight Burden,"[2017-01-01,2018-08-01)",core delivered; H1 growth compares Jan-Jun 2017 vs Jan-Jun 2018,distinct order/category; category orders and CX not additive
furniture_bedroom,1685480,370454,80,91,80,4.225,80,14.245394965277777,80,5.0,80,210.685,0.2197913947362176,0.0625,383114,20,722927,36,0.8869762002954733,False,False,False,False,False,False,0.001365595917411697,No threshold flag,"[2017-01-01,2018-08-01)",core delivered; H1 growth compares Jan-Jun 2017 vs Jan-Jun 2018,distinct order/category; category orders and CX not additive
costruction_tools_tools,1464818,178895,83,89,81,4.419753086419753,83,12.816946117804552,83,5.0,83,176.4840963855422,0.12212780017722338,0.060240963855421686,153290,3,505969,52,2.3007306412681845,False,False,False,False,False,False,0.0011868129438208507,No threshold flag,"[2017-01-01,2018-08-01)",core delivered; H1 growth compares Jan-Jun 2017 vs Jan-Jun 2018,distinct order/category; category orders and CX not additive
food_drink,1391427,408311,205,248,205,4.419512195121952,205,11.197291723125565,205,8.0,205,67.87448780487804,0.2934476620045464,0.03902439024390244,53659,18,584860,87,9.899569503717922,False,False,False,False,False,True,0.0011273506838268062,High Freight Burden,"[2017-01-01,2018-08-01)",core delivered; H1 growth compares Jan-Jun 2017 vs Jan-Jun 2018,distinct order/category; category orders and CX not additive
fashion_male_clothing,1004574,196637,102,121,101,3.8217821782178216,102,12.81821906771968,102,5.0,102,98.48764705882353,0.1957416775668094,0.049019607843137254,274923,29,171148,16,-0.37746932777541353,False,False,False,True,False,False,0.0008139177878930264,No threshold flag,"[2017-01-01,2018-08-01)",core delivered; H1 growth compares Jan-Jun 2017 vs Jan-Jun 2018,distinct order/category; category orders and CX not additive
fashion_underwear_beach,914595,184029,116,126,115,4.017391304347826,116,14.050845705619412,116,11.0,116,78.84439655172415,0.2012136519443032,0.09482758620689655,130865,24,213930,34,0.6347380888702097,False,False,False,False,True,False,0.0007410157332541182,High Late Delivery,"[2017-01-01,2018-08-01)",core delivered; H1 growth compares Jan-Jun 2017 vs Jan-Jun 2018,distinct order/category; category orders and CX not additive
christmas_supplies,820847,299192,115,140,113,4.115044247787611,115,16.120643518518516,115,10.0,115,71.378,0.36449179932435644,0.08695652173913043,25370,3,487197,59,18.203665746945212,False,False,False,False,False,True,0.000665059990044165,High Freight Burden,"[2017-01-01,2018-08-01)",core delivered; H1 growth compares Jan-Jun 2017 vs Jan-Jun 2018,distinct order/category; category orders and CX not additive
tablets_printing_image,752841,122620,79,83,77,4.1558441558441555,79,12.82902587318331,79,4.0,79,95.29632911392406,0.1628763576904021,0.05063291139240506,450886,35,126796,20,-0.7187847926083312,False,False,False,False,False,False,0.000609960721017241,No threshold flag,"[2017-01-01,2018-08-01)",core delivered; H1 growth compares Jan-Jun 2017 vs Jan-Jun 2018,distinct order/category; category orders and CX not additive
cine_photo,607918,110259,55,61,55,4.327272727272727,55,11.126152567340068,55,4.0,55,110.53054545454546,0.18137150076161587,0.07272727272727272,31500,5,420564,40,12.351238095238095,False,False,False,False,False,False,0.0004925423849117664,No threshold flag,"[2017-01-01,2018-08-01)",core delivered; H1 growth compares Jan-Jun 2017 vs Jan-Jun 2018,distinct order/category; category orders and CX not additive
music,553654,60571,32,32,32,4.125,32,12.094197048611111,32,2.0,32,173.016875,0.10940226206258782,0.0625,117449,9,312885,18,1.6640073563844733,False,False,False,False,False,False,0.00044857704752275653,No threshold flag,"[2017-01-01,2018-08-01)",core delivered; H1 growth compares Jan-Jun 2017 vs Jan-Jun 2018,distinct order/category; category orders and CX not additive
dvds_blu_ray,453369,121986,55,60,55,4.181818181818182,55,13.103848274410774,55,4.0,55,82.43072727272727,0.26906559557446585,0.07272727272727272,214959,15,103982,20,-0.5162705446154848,False,False,False,False,False,False,0.00036732494926135207,No threshold flag,"[2017-01-01,2018-08-01)",core delivered; H1 growth compares Jan-Jun 2017 vs Jan-Jun 2018,distinct order/category; category orders and CX not additive
furniture_mattress_and_upholstery,432338,158137,37,37,37,3.891891891891892,37,14.432969532032033,37,5.0,37,116.8481081081081,0.3657716878923435,0.13513513513513514,70529,4,164520,18,1.3326574884090232,False,False,False,False,False,False,0.00035028538323915936,No threshold flag,"[2017-01-01,2018-08-01)",core delivered; H1 growth compares Jan-Jun 2017 vs Jan-Jun 2018,distinct order/category; category orders and CX not additive
books_imported,366986,67612,49,56,49,4.428571428571429,49,8.034443263416478,49,2.0,49,74.89510204081633,0.1842359109066831,0.04081632653061224,11899,2,236408,33,18.867888057819986,False,False,False,False,False,False,0.00029733641653846327,No threshold flag,"[2017-01-01,2018-08-01)",core delivered; H1 growth compares Jan-Jun 2017 vs Jan-Jun 2018,distinct order/category; category orders and CX not additive
party_supplies,317990,51506,24,28,24,3.9583333333333335,24,10.310398341049384,24,0.0,24,132.49583333333334,0.1619736469700305,0.0,0,0,127900,13,,False,False,False,False,False,False,0.0002576392753267589,No threshold flag,"[2017-01-01,2018-08-01)",core delivered; H1 growth compares Jan-Jun 2017 vs Jan-Jun 2018,distinct order/category; category orders and CX not additive
fashio_female_clothing,245007,52961,33,41,33,3.878787878787879,33,12.861610549943885,33,2.0,33,74.24454545454545,0.21616117090532108,0.06060606060606061,104830,14,48669,6,-0.5357340455976343,False,False,False,False,False,False,0.00019850758177924845,No threshold flag,"[2017-01-01,2018-08-01)",core delivered; H1 growth compares Jan-Jun 2017 vs Jan-Jun 2018,distinct order/category; category orders and CX not additive
PT:portateis_cozinha_e_preparadores_de_alimentos,213003,19246,9,10,9,3.3333333333333335,9,9.083816872427983,9,1.0,9,236.67,0.0903555348985695,0.1111111111111111,0,0,195800,2,,False,False,False,False,False,False,0.00017257756081142685,No threshold flag,"[2017-01-01,2018-08-01)",core delivered; H1 growth compares Jan-Jun 2017 vs Jan-Jun 2018,distinct order/category; category orders and CX not additive
la_cuisine,205499,33355,13,14,12,4.25,13,7.7449403490028494,13,0.0,13,158.07615384615386,0.16231222536362708,0.0,21700,2,78100,3,2.5990783410138247,False,False,False,False,False,False,0.00016649773087321494,No threshold flag,"[2017-01-01,2018-08-01)",core delivered; H1 growth compares Jan-Jun 2017 vs Jan-Jun 2018,distinct order/category; category orders and CX not additive
fashion_sport,202462,54988,25,28,25,4.44,25,10.633741203703703,25,1.0,25,80.98479999999999,0.2715966452964013,0.04,82502,13,29960,4,-0.6368572883081622,False,False,False,False,False,False,0.0001640371173974221,No threshold flag,"[2017-01-01,2018-08-01)",core delivered; H1 growth compares Jan-Jun 2017 vs Jan-Jun 2018,distinct order/category; category orders and CX not additive
diapers_and_hygiene,113400,48427,21,33,21,3.8095238095238093,21,10.201085758377426,21,0.0,21,54.0,0.4270458553791887,0.0,0,0,93700,17,,False,False,False,False,False,False,9.187802705133638e-05,No threshold flag,"[2017-01-01,2018-08-01)",core delivered; H1 growth compares Jan-Jun 2017 vs Jan-Jun 2018,distinct order/category; category orders and CX not additive
flowers,111004,48887,29,33,28,4.392857142857143,29,11.492039431673051,29,1.0,29,38.27724137931035,0.44040755288097727,0.034482758620689655,0,0,79155,19,,False,False,False,False,False,False,8.993675938982843e-05,No threshold flag,"[2017-01-01,2018-08-01)",core delivered; H1 growth compares Jan-Jun 2017 vs Jan-Jun 2018,distinct order/category; category orders and CX not additive
PT:pc_gamer,108795,10352,6,7,6,3.3333333333333335,6,10.281427469135803,6,0.0,6,181.325,0.09515143159152535,0.0,51996,4,12999,1,-0.75,False,False,False,False,False,False,8.814700134964852e-05,No threshold flag,"[2017-01-01,2018-08-01)",core delivered; H1 growth compares Jan-Jun 2017 vs Jan-Jun 2018,distinct order/category; category orders and CX not additive
arts_and_craftmanship,91225,20284,14,15,14,3.9285714285714284,14,6.052374338624339,14,1.0,14,65.16071428571428,0.22235132913126884,0.07142857142857142,2199,1,10579,2,3.8108231014097314,False,False,False,False,False,False,7.39115786398427e-05,No threshold flag,"[2017-01-01,2018-08-01)",core delivered; H1 growth compares Jan-Jun 2017 vs Jan-Jun 2018,distinct order/category; category orders and CX not additive
home_comfort_2,76027,41031,24,30,23,3.8260869565217392,24,14.496567322530865,24,3.0,24,31.677916666666665,0.5396898470280295,0.125,44148,7,11239,5,-0.7454244812902057,False,False,False,False,False,False,6.15979785064546e-05,No threshold flag,"[2017-01-01,2018-08-01)",core delivered; H1 growth compares Jan-Jun 2017 vs Jan-Jun 2018,distinct order/category; category orders and CX not additive
cds_dvds_musicals,73000,22499,12,14,12,4.666666666666667,12,10.920239197530863,12,0.0,12,60.83333333333333,0.3082054794520548,0.0,0,0,6500,1,,False,False,False,False,False,False,5.914546714944935e-05,No threshold flag,"[2017-01-01,2018-08-01)",core delivered; H1 growth compares Jan-Jun 2017 vs Jan-Jun 2018,distinct order/category; category orders and CX not additive
fashion_childrens_clothes,51995,7872,7,7,7,5.0,7,8.81947585978836,7,0.0,7,74.27857142857142,0.1513991729974036,0.0,22000,2,16997,3,-0.2274090909090909,False,False,False,False,False,False,4.212696663610437e-05,No threshold flag,"[2017-01-01,2018-08-01)",core delivered; H1 growth compares Jan-Jun 2017 vs Jan-Jun 2018,distinct order/category; category orders and CX not additive
security_and_services,28329,4122,2,2,2,2.5,2,15.138153935185183,2,0.0,2,141.645,0.14550460658688977,0.0,18329,1,0,0,-1.0,False,False,False,False,False,False,2.2952492313380146e-05,No threshold flag,"[2017-01-01,2018-08-01)",core delivered; H1 growth compares Jan-Jun 2017 vs Jan-Jun 2018,distinct order/category; category orders and CX not additive
