dimension,value,sample_size,review_n,review_coverage,delivery_mean_days,delivery_median_days,late_orders,late_rate,estimated_gap_mean_days,review_mean,review_median,low_rating_n,low_rating_rate,low_ci_lower,low_ci_upper,one_star_rate,analysis_window,cohort_definition,denominator
is_late,0.0,83714,83237,0.9943020283345677,11.236515836768751,10.042563657407406,0,0.0,-13.757842176935757,4.283707966409169,5.0,7807,0.09379242404219278,0.09183056880397372,0.09579177120500915,0.06689332868796329,"[2017-01-01,2018-08-01)",core purchase dates; valid fulfillment; canonical latest order review,sample_size valid delivered orders; review_n for score/low-rating
is_late,1.0,6138,5993,0.976376669925057,35.267673247182096,32.17894675925926,6138,1.0,11.013359400456174,2.2240947772401136,1.0,3817,0.6369097280160186,0.6246505199975061,0.6489935326706311,0.5504755548139496,"[2017-01-01,2018-08-01)",core purchase dates; valid fulfillment; canonical latest order review,sample_size valid delivered orders; review_n for score/low-rating
delay_group,On time / early,83714,83237,0.9943020283345677,11.236515836768751,10.042563657407406,0,0.0,-13.757842176935757,4.283707966409169,5.0,7807,0.09379242404219278,0.09183056880397372,0.09579177120500915,0.06689332868796329,"[2017-01-01,2018-08-01)",core purchase dates; valid fulfillment; canonical latest order review,sample_size valid delivered orders; review_n for score/low-rating
delay_group,1-3 days late,1658,1644,0.991556091676719,24.954958799647056,24.80730324074074,1658,1.0,1.8359469240048252,3.2378345498783454,4.0,553,0.33637469586374696,0.31394094384095256,0.35957133665171764,0.2615571776155718,"[2017-01-01,2018-08-01)",core purchase dates; valid fulfillment; canonical latest order review,sample_size valid delivered orders; review_n for score/low-rating
delay_group,4-7 days late,1677,1626,0.9695885509838998,29.315821704046026,28.640543981481482,1677,1.0,5.538461538461538,2.0953259532595325,1.0,1101,0.6771217712177122,0.65400034378481,0.6994082634651105,0.5910209102091021,"[2017-01-01,2018-08-01)",core purchase dates; valid fulfillment; canonical latest order review,sample_size valid delivered orders; review_n for score/low-rating
delay_group,8+ days late,2803,2723,0.9714591509097396,44.92865633382223,40.90619212962963,2803,1.0,19.71744559400642,1.6889460154241644,1.0,2163,0.794344473007712,0.7787538954953237,0.8091057304520044,0.7006977598237238,"[2017-01-01,2018-08-01)",core purchase dates; valid fulfillment; canonical latest order review,sample_size valid delivered orders; review_n for score/low-rating
month,2017-01,750,741,0.988,12.647043518518517,10.733645833333334,22,0.029333333333333333,-27.408,4.198380566801619,5.0,89,0.12010796221322537,0.09863892575945404,0.14549552280978015,0.09041835357624832,"[2017-01-01,2018-08-01)",core purchase dates; valid fulfillment; canonical latest order review,sample_size valid delivered orders; review_n for score/low-rating
month,2017-02,1653,1643,0.9939503932244405,13.168825248986131,10.971203703703704,49,0.029643073200241985,-19.195402298850574,4.203286670724284,5.0,182,0.11077297626293366,0.09649560629993774,0.12686618535917313,0.07668898356664638,"[2017-01-01,2018-08-01)",core purchase dates; valid fulfillment; canonical latest order review,sample_size valid delivered orders; review_n for score/low-rating
month,2017-03,2546,2527,0.9925373134328358,12.951184487831313,10.126487268518519,116,0.04556166535742341,-12.327179890023567,4.186782746339533,5.0,284,0.11238622872971904,0.10065544157622008,0.12529370147565536,0.0854768500197863,"[2017-01-01,2018-08-01)",core purchase dates; valid fulfillment; canonical latest order review,sample_size valid delivered orders; review_n for score/low-rating
month,2017-04,2303,2290,0.9943551888840643,14.917912500402053,12.748622685185186,151,0.06556665219279201,-12.97177594442032,4.135371179039302,5.0,296,0.12925764192139738,0.11613547229689974,0.1436215638877314,0.09039301310043668,"[2017-01-01,2018-08-01)",core purchase dates; valid fulfillment; canonical latest order review,sample_size valid delivered orders; review_n for score/low-rating
month,2017-05,3545,3517,0.9921015514809591,11.322362975369588,9.793333333333333,106,0.029901269393511988,-13.497884344146685,4.236280921239693,5.0,354,0.10065396644867786,0.09114202318970008,0.1110373328381983,0.07449530850156383,"[2017-01-01,2018-08-01)",core purchase dates; valid fulfillment; canonical latest order review,sample_size valid delivered orders; review_n for score/low-rating
month,2017-06,3135,3111,0.9923444976076555,12.011572704383013,10.804907407407407,95,0.030303030303030304,-12.644338118022329,4.222757955641273,5.0,334,0.10736097717775635,0.09696288529816197,0.11872753352497106,0.07971713275474124,"[2017-01-01,2018-08-01)",core purchase dates; valid fulfillment; canonical latest order review,sample_size valid delivered orders; review_n for score/low-rating
month,2017-07,3872,3842,0.9922520661157025,11.592732387200606,10.158072916666665,108,0.027892561983471075,-12.47081611570248,4.259500260281103,5.0,382,0.09942738157209786,0.0903617895644032,0.10929320584878487,0.06871421134825612,"[2017-01-01,2018-08-01)",core purchase dates; valid fulfillment; canonical latest order review,sample_size valid delivered orders; review_n for score/low-rating
month,2017-08,4193,4165,0.993322203672788,11.147124655510508,9.769814814814815,122,0.02909611256856666,-13.09754352492249,4.312845138055222,5.0,391,0.09387755102040816,0.08539038018158593,0.10311318047984483,0.06578631452581032,"[2017-01-01,2018-08-01)",core purchase dates; valid fulfillment; canonical latest order review,sample_size valid delivered orders; review_n for score/low-rating
month,2017-09,4150,4118,0.9922891566265061,11.85100652889335,10.314432870370371,182,0.04385542168674699,-11.348192771084337,4.267848470131131,5.0,423,0.10271976687712482,0.09381447011936658,0.11236557521014098,0.0718795531811559,"[2017-01-01,2018-08-01)",core purchase dates; valid fulfillment; canonical latest order review,sample_size valid delivered orders; review_n for score/low-rating
month,2017-10,4478,4446,0.9928539526574364,11.856699698526128,10.263362268518518,187,0.041759714158106295,-11.923403305046897,4.204903283850652,5.0,492,0.1106612685560054,0.10177387606355758,0.12022087767368993,0.08569500674763833,"[2017-01-01,2018-08-01)",core purchase dates; valid fulfillment; canonical latest order review,sample_size valid delivered orders; review_n for score/low-rating
month,2017-11,7288,7237,0.9930021953896817,15.161131699241777,12.698680555555555,904,0.12403951701427003,-8.123490669593853,3.9888075169269035,5.0,1199,0.1656763852425038,0.1572884192755796,0.1744190863341177,0.13085532679286999,"[2017-01-01,2018-08-01)",core purchase dates; valid fulfillment; canonical latest order review,sample_size valid delivered orders; review_n for score/low-rating
month,2017-12,5513,5461,0.9905677489570107,15.39491853010729,13.1421875,411,0.07455106112824234,-13.008525303827318,4.088445339681377,5.0,788,0.14429591649880974,0.13522620052059572,0.15386571014603537,0.10803882072880425,"[2017-01-01,2018-08-01)",core purchase dates; valid fulfillment; canonical latest order review,sample_size valid delivered orders; review_n for score/low-rating
month,2018-01,7069,7013,0.9920780874239638,14.080562613956085,11.830115740740741,403,0.05700947800254633,-12.934361295798556,4.108512762013404,5.0,961,0.13703122771994866,0.12918140197425315,0.1452784771783202,0.10337943818622558,"[2017-01-01,2018-08-01)",core purchase dates; valid fulfillment; canonical latest order review,sample_size valid delivered orders; review_n for score/low-rating
month,2018-02,6555,6507,0.9926773455377574,16.94513756815549,14.26375,926,0.14126620900076278,-8.290770404271548,3.880590133702167,5.0,1261,0.1937913016751191,0.1843691809492055,0.20357475453070994,0.15644690333487013,"[2017-01-01,2018-08-01)",core purchase dates; valid fulfillment; canonical latest order review,sample_size valid delivered orders; review_n for score/low-rating
month,2018-03,7003,6948,0.9921462230472654,16.30141017440938,13.367731481481481,1328,0.18963301442239042,-6.427673854062545,3.812607944732297,5.0,1471,0.21171560161197467,0.2022703791860846,0.2214794252751387,0.17515831894070236,"[2017-01-01,2018-08-01)",core purchase dates; valid fulfillment; canonical latest order review,sample_size valid delivered orders; review_n for score/low-rating
month,2018-04,6798,6752,0.9932333039129155,11.499241053673193,9.314728009259259,306,0.04501323918799647,-12.89511621065019,4.205864928909953,5.0,796,0.1178909952606635,0.11041549115577924,0.12580104360868014,0.08738151658767772,"[2017-01-01,2018-08-01)",core purchase dates; valid fulfillment; canonical latest order review,sample_size valid delivered orders; review_n for score/low-rating
month,2018-05,6749,6722,0.9959994073196029,11.419028935356678,9.14787037037037,443,0.06563935397836716,-12.190991257964143,4.236387979767926,5.0,723,0.10755727462064861,0.10037371173616161,0.1151891241851758,0.0834573043736983,"[2017-01-01,2018-08-01)",core purchase dates; valid fulfillment; canonical latest order review,sample_size valid delivered orders; review_n for score/low-rating
month,2018-06,6096,6072,0.9960629921259843,9.239216293167347,7.95761574074074,71,0.011646981627296589,-19.244094488188978,4.307312252964427,5.0,606,0.09980237154150198,0.09251439868824562,0.1075963953575039,0.07131093544137022,"[2017-01-01,2018-08-01)",core purchase dates; valid fulfillment; canonical latest order review,sample_size valid delivered orders; review_n for score/low-rating
month,2018-07,6156,6118,0.9938271604938271,8.958636237154957,7.5017245370370365,208,0.03378817413905133,-11.441520467836257,4.317423994769532,5.0,592,0.09676364825106244,0.08960669608825571,0.10442666247074213,0.07273618829682903,"[2017-01-01,2018-08-01)",core purchase dates; valid fulfillment; canonical latest order review,sample_size valid delivered orders; review_n for score/low-rating
